organization_id,animal_id,animal_type,age,attributes.declawed,attributes.house_trained,attributes.shots_current,attributes.spayed_neutered,attributes.special_needs,breeds.mixed,breeds.primary,breeds.secondary,breeds.unknown,coat,colors.primary,colors.secondary,colors.tertiary,contact.address.address1,contact.address.address2,contact.address.city,contact.address.country,contact.address.postcode,contact.address.state,contact.email,contact.phone,description,distance,environment.cats,environment.children,environment.dogs,gender,id,name,organization_id,photos,published_at,size,species,status,status_changed_at,tags,type,url
ca2545,47115053,dog,Young,,False,False,False,False,False,American Bully,,False,,Gray / Blue / Silver,,,,,El Centro,US,92243,CA,Hmw600@aol.com,7605546305,Lots of energy and makes for a good running partner,2.7503,,True,,Male,47115053,Greyson,CA2545,"[{u'small': u'https://dl5zpyw5k3jeb.cloudfront.net/photos/pets/47115053/2/?bust=1579045353&width=100', u'large': u'https://dl5zpyw5k3jeb.cloudfront.net/photos/pets/47115053/2/?bust=1579045353&width=600', u'medium': u'https://dl5zpyw5k3jeb.cloudfront.net/photos/pets/47115053/2/?bust=1579045353&width=300', u'full': u'https://dl5zpyw5k3jeb.cloudfront.net/photos/pets/47115053/2/?bust=1579045353'}, {u'small': u'https://dl5zpyw5k3jeb.cloudfront.net/photos/pets/47115053/1/?bust=1579045343&width=100', u'large': u'https://dl5zpyw5k3jeb.cloudfront.net/photos/pets/47115053/1/?bust=1579045343&width=600', u'medium': u'https://dl5zpyw5k3jeb.cloudfront.net/photos/pets/47115053/1/?bust=1579045343&width=300', u'full': u'https://dl5zpyw5k3jeb.cloudfront.net/photos/pets/47115053/1/?bust=1579045343'}, {u'small': u'https://dl5zpyw5k3jeb.cloudfront.net/photos/pets/47115053/3/?bust=1579045368&width=100', u'large': u'https://dl5zpyw5k3jeb.cloudfront.net/photos/pets/47115053/3/?bust=1579045368&width=600', u'medium': u'https://dl5zpyw5k3jeb.cloudfront.net/photos/pets/47115053/3/?bust=1579045368&width=300', u'full': u'https://dl5zpyw5k3jeb.cloudfront.net/photos/pets/47115053/3/?bust=1579045368'}]",2020-01-14T23:43:42+0000,Medium,Dog,adoptable,2020-01-14T23:43:42+0000,[Playful],Dog,https://www.petfinder.com/dog/greyson-47115053/ca/el-centro/dees-rescue-ca2545/?referrer_id=f39f8922-e11e-4604-a147-a96d4dfba982
ca2545,47115016,dog,Adult,,False,True,True,False,False,Shepherd,,False,,Golden,,,,,El Centro,US,92243,CA,,(760) 554-6305,Real chill and affectionate older dog who just wants to hang out,2.7503,,True,True,Male,47115016,Sam,CA2545,"[{u'small': u'https://dl5zpyw5k3jeb.cloudfront.net/photos/pets/47115016/1/?bust=1579044962&width=100', u'large': u'https://dl5zpyw5k3jeb.cloudfront.net/photos/pets/47115016/1/?bust=1579044962&width=600', u'medium': u'https://dl5zpyw5k3jeb.cloudfront.net/photos/pets/47115016/1/?bust=1579044962&width=300', u'full': u'https://dl5zpyw5k3jeb.cloudfront.net/photos/pets/47115016/1/?bust=1579044962'}, {u'small': u'https://dl5zpyw5k3jeb.cloudfront.net/photos/pets/47115016/2/?bust=1579044972&width=100', u'large': u'https://dl5zpyw5k3jeb.cloudfront.net/photos/pets/47115016/2/?bust=1579044972&width=600', u'medium': u'https://dl5zpyw5k3jeb.cloudfront.net/photos/pets/47115016/2/?bust=1579044972&width=300', u'full': u'https://dl5zpyw5k3jeb.cloudfront.net/photos/pets/47115016/2/?bust=1579044972'}, {u'small': u'https://dl5zpyw5k3jeb.cloudfront.net/photos/pets/47115016/3/?bust=1579044987&width=100', u'large': u'https://dl5zpyw5k3jeb.cloudfront.net/photos/pets/47115016/3/?bust=1579044987&width=600', u'medium': u'https://dl5zpyw5k3jeb.cloudfront.net/photos/pets/47115016/3/?bust=1579044987&width=300', u'full': u'https://dl5zpyw5k3jeb.cloudfront.net/photos/pets/47115016/3/?bust=1579044987'}]",2020-01-14T23:37:19+0000,Medium,Dog,adoptable,2020-01-14T23:37:19+0000,[Loving and sweet],Dog,https://www.petfinder.com/dog/sam-47115016/ca/el-centro/dees-rescue-ca2545/?referrer_id=f39f8922-e11e-4604-a147-a96d4dfba982
ca2545,47114827,dog,Young,,False,True,True,False,True,Boxer,,False,Short,Apricot / Beige,,,,,El Centro,US,92243,CA,Hmw600@aol.com,7605546305,Good energy and excitement,2.7503,False,True,False,Male,47114827,Oliver,CA2545,"[{u'small': u'https://dl5zpyw5k3jeb.cloudfront.net/photos/pets/47114827/1/?bust=1579044022&width=100', u'large': u'https://dl5zpyw5k3jeb.cloudfront.net/photos/pets/47114827/1/?bust=1579044022&width=600', u'medium': u'https://dl5zpyw5k3jeb.cloudfront.net/photos/pets/47114827/1/?bust=1579044022&width=300', u'full': u'https://dl5zpyw5k3jeb.cloudfront.net/photos/pets/47114827/1/?bust=1579044022'}, {u'small': u'https://dl5zpyw5k3jeb.cloudfront.net/photos/pets/47114827/2/?bust=1579044036&width=100', u'large': u'https://dl5zpyw5k3jeb.cloudfront.net/photos/pets/47114827/2/?bust=1579044036&width=600', u'medium': u'https://dl5zpyw5k3jeb.cloudfront.net/photos/pets/47114827/2/?bust=1579044036&width=300', u'full': u'https://dl5zpyw5k3jeb.cloudfront.net/photos/pets/47114827/2/?bust=1579044036'}]",2020-01-14T23:30:56+0000,Small,Dog,adoptable,2020-01-14T23:30:56+0000,[Playful and active],Dog,https://www.petfinder.com/dog/oliver-47114827/ca/el-centro/dees-rescue-ca2545/?referrer_id=f39f8922-e11e-4604-a147-a96d4dfba982
ca2545,47114778,dog,Young,,False,True,True,False,True,Pit Bull Terrier,,False,Short,Gray / Blue / Silver,,,,,El Centro,US,92243,CA,Hmw600@aol.com,7605546305,Female Pitbull who lives for love,2.7503,,True,True,Female,47114778,Flora,CA2545,"[{u'small': u'https://dl5zpyw5k3jeb.cloudfront.net/photos/pets/47114778/1/?bust=1579043507&width=100', u'large': u'https://dl5zpyw5k3jeb.cloudfront.net/photos/pets/47114778/1/?bust=1579043507&width=600', u'medium': u'https://dl5zpyw5k3jeb.cloudfront.net/photos/pets/47114778/1/?bust=1579043507&width=300', u'full': u'https://dl5zpyw5k3jeb.cloudfront.net/photos/pets/47114778/1/?bust=1579043507'}, {u'small': u'https://dl5zpyw5k3jeb.cloudfront.net/photos/pets/47114778/2/?bust=1579043544&width=100', u'large': u'https://dl5zpyw5k3jeb.cloudfront.net/photos/pets/47114778/2/?bust=1579043544&width=600', u'medium': u'https://dl5zpyw5k3jeb.cloudfront.net/photos/pets/47114778/2/?bust=1579043544&width=300', u'full': u'https://dl5zpyw5k3jeb.cloudfront.net/photos/pets/47114778/2/?bust=1579043544'}, {u'small': u'https://dl5zpyw5k3jeb.cloudfront.net/photos/pets/47114778/3/?bust=1579045121&width=100', u'large': u'https://dl5zpyw5k3jeb.cloudfront.net/photos/pets/47114778/3/?bust=1579045121&width=600', u'medium': u'https://dl5zpyw5k3jeb.cloudfront.net/photos/pets/47114778/3/?bust=1579045121&width=300', u'full': u'https://dl5zpyw5k3jeb.cloudfront.net/photos/pets/47114778/3/?bust=1579045121'}]",2020-01-14T23:15:52+0000,Large,Dog,adoptable,2020-01-14T23:15:52+0000,[Sweet and playful with certain dogs],Dog,https://www.petfinder.com/dog/flora-47114778/ca/el-centro/dees-rescue-ca2545/?referrer_id=f39f8922-e11e-4604-a147-a96d4dfba982
ca2545,47114678,dog,Young,,False,True,True,False,True,Shepherd,,False,Short,,,,,,El Centro,US,92243,CA,Hmw600@aol.com,7605546305,Scared girl who needs attention to trust people,2.7503,,True,,Female,47114678,Minni,CA2545,"[{u'small': u'https://dl5zpyw5k3jeb.cloudfront.net/photos/pets/47114678/1/?bust=1579043172&width=100', u'large': u'https://dl5zpyw5k3jeb.cloudfront.net/photos/pets/47114678/1/?bust=1579043172&width=600', u'medium': u'https://dl5zpyw5k3jeb.cloudfront.net/photos/pets/47114678/1/?bust=1579043172&width=300', u'full': u'https://dl5zpyw5k3jeb.cloudfront.net/photos/pets/47114678/1/?bust=1579043172'}, {u'small': u'https://dl5zpyw5k3jeb.cloudfront.net/photos/pets/47114678/2/?bust=1579045214&width=100', u'large': u'https://dl5zpyw5k3jeb.cloudfront.net/photos/pets/47114678/2/?bust=1579045214&width=600', u'medium': u'https://dl5zpyw5k3jeb.cloudfront.net/photos/pets/47114678/2/?bust=1579045214&width=300', u'full': u'https://dl5zpyw5k3jeb.cloudfront.net/photos/pets/47114678/2/?bust=1579045214'}]",2020-01-14T23:08:56+0000,Small,Dog,adoptable,2020-01-14T23:08:56+0000,[Needs time to get use to],Dog,https://www.petfinder.com/dog/minni-47114678/ca/el-centro/dees-rescue-ca2545/?referrer_id=f39f8922-e11e-4604-a147-a96d4dfba982
ca2545,47114631,dog,Young,,False,True,True,False,True,Border Collie,,False,Medium,Black,,,,,El Centro,US,92243,CA,Hmw600@aol.com,7605546305,Sweet and affectionate,2.7503,,True,True,Male,47114631,Bear,CA2545,"[{u'small': u'https://dl5zpyw5k3jeb.cloudfront.net/photos/pets/47114631/4/?bust=1579045176&width=100', u'large': u'https://dl5zpyw5k3jeb.cloudfront.net/photos/pets/47114631/4/?bust=1579045176&width=600', u'medium': u'https://dl5zpyw5k3jeb.cloudfront.net/photos/pets/47114631/4/?bust=1579045176&width=300', u'full': u'https://dl5zpyw5k3jeb.cloudfront.net/photos/pets/47114631/4/?bust=1579045176'}, {u'small': u'https://dl5zpyw5k3jeb.cloudfront.net/photos/pets/47114631/1/?bust=1579042952&width=100', u'large': u'https://dl5zpyw5k3jeb.cloudfront.net/photos/pets/47114631/1/?bust=1579042952&width=600', u'medium': u'https://dl5zpyw5k3jeb.cloudfront.net/photos/pets/47114631/1/?bust=1579042952&width=300', u'full': u'https://dl5zpyw5k3jeb.cloudfront.net/photos/pets/47114631/1/?bust=1579042952'}, {u'small': u'https://dl5zpyw5k3jeb.cloudfront.net/photos/pets/47114631/2/?bust=1579042961&width=100', u'large': u'https://dl5zpyw5k3jeb.cloudfront.net/photos/pets/47114631/2/?bust=1579042961&width=600', u'medium': u'https://dl5zpyw5k3jeb.cloudfront.net/photos/pets/47114631/2/?bust=1579042961&width=300', u'full': u'https://dl5zpyw5k3jeb.cloudfront.net/photos/pets/47114631/2/?bust=1579042961'}, {u'small': u'https://dl5zpyw5k3jeb.cloudfront.net/photos/pets/47114631/3/?bust=1579045175&width=100', u'large': u'https://dl5zpyw5k3jeb.cloudfront.net/photos/pets/47114631/3/?bust=1579045175&width=600', u'medium': u'https://dl5zpyw5k3jeb.cloudfront.net/photos/pets/47114631/3/?bust=1579045175&width=300', u'full': u'https://dl5zpyw5k3jeb.cloudfront.net/photos/pets/47114631/3/?bust=1579045175'}]",2020-01-14T23:03:53+0000,Small,Dog,adoptable,2020-01-14T23:03:53+0000,[Loving and playful],Dog,https://www.petfinder.com/dog/bear-47114631/ca/el-centro/dees-rescue-ca2545/?referrer_id=f39f8922-e11e-4604-a147-a96d4dfba982
ca2545,47114618,dog,Young,,False,True,True,False,True,American Bully,,False,Short,Gray / Blue / Silver,,,,,El Centro,US,92243,CA,,(760) 554-6305,"Cool, calm and collected pitbull who likes to be lazy",2.7503,,True,True,Male,47114618,Jake,CA2545,"[{u'small': u'https://dl5zpyw5k3jeb.cloudfront.net/photos/pets/47114618/1/?bust=1579042684&width=100', u'large': u'https://dl5zpyw5k3jeb.cloudfront.net/photos/pets/47114618/1/?bust=1579042684&width=600', u'medium': u'https://dl5zpyw5k3jeb.cloudfront.net/photos/pets/47114618/1/?bust=1579042684&width=300', u'full': u'https://dl5zpyw5k3jeb.cloudfront.net/photos/pets/47114618/1/?bust=1579042684'}, {u'small': u'https://dl5zpyw5k3jeb.cloudfront.net/photos/pets/47114618/2/?bust=1579042692&width=100', u'large': u'https://dl5zpyw5k3jeb.cloudfront.net/photos/pets/47114618/2/?bust=1579042692&width=600', u'medium': u'https://dl5zpyw5k3jeb.cloudfront.net/photos/pets/47114618/2/?bust=1579042692&width=300', u'full': u'https://dl5zpyw5k3jeb.cloudfront.net/photos/pets/47114618/2/?bust=1579042692'}]",2020-01-14T22:59:38+0000,Large,Dog,adoptable,2020-01-14T22:59:38+0000,[Loving],Dog,https://www.petfinder.com/dog/jake-47114618/ca/el-centro/dees-rescue-ca2545/?referrer_id=f39f8922-e11e-4604-a147-a96d4dfba982
ca2545,47114581,dog,Young,,False,True,True,False,True,Mixed Breed,Labrador Retriever,False,Short,Apricot / Beige,,,,,El Centro,US,92243,CA,Hmw600@aol.com,7605546305,"Stray dog in Calexico, CA animal shelter who loves affectionate and love",2.7503,,True,True,Female,47114581,Jane,CA2545,"[{u'small': u'https://dl5zpyw5k3jeb.cloudfront.net/photos/pets/47114581/1/?bust=1579042357&width=100', u'large': u'https://dl5zpyw5k3jeb.cloudfront.net/photos/pets/47114581/1/?bust=1579042357&width=600', u'medium': u'https://dl5zpyw5k3jeb.cloudfront.net/photos/pets/47114581/1/?bust=1579042357&width=300', u'full': u'https://dl5zpyw5k3jeb.cloudfront.net/photos/pets/47114581/1/?bust=1579042357'}, {u'small': u'https://dl5zpyw5k3jeb.cloudfront.net/photos/pets/47114581/2/?bust=1579042366&width=100', u'large': u'https://dl5zpyw5k3jeb.cloudfront.net/photos/pets/47114581/2/?bust=1579042366&width=600', u'medium': u'https://dl5zpyw5k3jeb.cloudfront.net/photos/pets/47114581/2/?bust=1579042366&width=300', u'full': u'https://dl5zpyw5k3jeb.cloudfront.net/photos/pets/47114581/2/?bust=1579042366'}]",2020-01-14T22:54:16+0000,Small,Dog,adoptable,2020-01-14T22:54:16+0000,"[Playful, Affectionate]",Dog,https://www.petfinder.com/dog/jane-47114581/ca/el-centro/dees-rescue-ca2545/?referrer_id=f39f8922-e11e-4604-a147-a96d4dfba982
ca2545,47114522,dog,Young,,False,True,True,False,True,Mixed Breed,,False,Short,Gray / Blue / Silver,,,,,El Centro,US,92243,CA,Hmw600@aol.com,7605546305,"Stray male pitbull found in Calexico, CA. Very loving with people and needs space to run around.",2.7503,,,False,Male,47114522,Greyson,CA2545,"[{u'small': u'https://dl5zpyw5k3jeb.cloudfront.net/photos/pets/47114522/1/?bust=1579041811&width=100', u'large': u'https://dl5zpyw5k3jeb.cloudfront.net/photos/pets/47114522/1/?bust=1579041811&width=600', u'medium': u'https://dl5zpyw5k3jeb.cloudfront.net/photos/pets/47114522/1/?bust=1579041811&width=300', u'full': u'https://dl5zpyw5k3jeb.cloudfront.net/photos/pets/47114522/1/?bust=1579041811'}, {u'small': u'https://dl5zpyw5k3jeb.cloudfront.net/photos/pets/47114522/2/?bust=1579042103&width=100', u'large': u'https://dl5zpyw5k3jeb.cloudfront.net/photos/pets/47114522/2/?bust=1579042103&width=600', u'medium': u'https://dl5zpyw5k3jeb.cloudfront.net/photos/pets/47114522/2/?bust=1579042103&width=300', u'full': u'https://dl5zpyw5k3jeb.cloudfront.net/photos/pets/47114522/2/?bust=1579042103'}]",2020-01-14T22:45:28+0000,Large,Dog,found,2020-01-14T22:45:28+0000,[Loves people but not other dogs],Dog,https://www.petfinder.com/dog/greyson-47114522/ca/el-centro/dees-rescue-ca2545/?referrer_id=f39f8922-e11e-4604-a147-a96d4dfba982
ca2545,46601887,dog,Adult,,True,False,False,False,True,Weimaraner,,False,Short,Gray / Blue / Silver,,,,,El Centro,US,92243,CA,,(760) 554-6305,This dog is still with his owner. He can be adopted through Dee’s Rescue for $120 and he will have...,2.7503,,True,False,Male,46601887,Zeke,CA2545,"[{u'small': u'https://dl5zpyw5k3jeb.cloudfront.net/photos/pets/46601887/1/?bust=1573970714&width=100', u'large': u'https://dl5zpyw5k3jeb.cloudfront.net/photos/pets/46601887/1/?bust=1573970714&width=600', u'medium': u'https://dl5zpyw5k3jeb.cloudfront.net/photos/pets/46601887/1/?bust=1573970714&width=300', u'full': u'https://dl5zpyw5k3jeb.cloudfront.net/photos/pets/46601887/1/?bust=1573970714'}, {u'small': u'https://dl5zpyw5k3jeb.cloudfront.net/photos/pets/46601887/2/?bust=1573970731&width=100', u'large': u'https://dl5zpyw5k3jeb.cloudfront.net/photos/pets/46601887/2/?bust=1573970731&width=600', u'medium': u'https://dl5zpyw5k3jeb.cloudfront.net/photos/pets/46601887/2/?bust=1573970731&width=300', u'full': u'https://dl5zpyw5k3jeb.cloudfront.net/photos/pets/46601887/2/?bust=1573970731'}]",2019-11-17T06:08:10+0000,Large,Dog,adopted,2019-12-11T15:19:42+0000,[],Dog,https://www.petfinder.com/dog/zeke-46601887/ca/el-centro/dees-rescue-ca2545/?referrer_id=f39f8922-e11e-4604-a147-a96d4dfba982
ca2545,45321367,dog,Baby,,True,True,True,False,True,Terrier,,False,Short,Black,Brown / Chocolate,,,,El Centro,US,92243,CA,,(760) 554-6305,Bala was found on the streets of Mexicali. The dogs there have a very rough life. Please consider adding her...,2.7503,True,True,True,Female,45321367,Bala,CA2545,"[{u'small': u'https://dl5zpyw5k3jeb.cloudfront.net/photos/pets/45321367/1/?bust=1563645903&width=100', u'large': u'https://dl5zpyw5k3jeb.cloudfront.net/photos/pets/45321367/1/?bust=1563645903&width=600', u'medium': u'https://dl5zpyw5k3jeb.cloudfront.net/photos/pets/45321367/1/?bust=1563645903&width=300', u'full': u'https://dl5zpyw5k3jeb.cloudfront.net/photos/pets/45321367/1/?bust=1563645903'}]",2019-07-20T18:06:32+0000,Small,Dog,adopted,2019-07-29T02:24:06+0000,[],Dog,https://www.petfinder.com/dog/bala-45321367/ca/el-centro/dees-rescue-ca2545/?referrer_id=f39f8922-e11e-4604-a147-a96d4dfba982
ca2545,45308799,dog,Young,,True,True,True,False,True,Shepherd,Labrador Retriever,False,Medium,Black,White / Cream,,,,El Centro,US,92243,CA,,(760) 554-6305,Daniela had an owner that left the mom chained  and rarely fed them. She has been rescued along with the...,2.7503,,True,True,Female,45308799,Daniela,CA2545,"[{u'small': u'https://dl5zpyw5k3jeb.cloudfront.net/photos/pets/45308799/1/?bust=1563551137&width=100', u'large': u'https://dl5zpyw5k3jeb.cloudfront.net/photos/pets/45308799/1/?bust=1563551137&width=600', u'medium': u'https://dl5zpyw5k3jeb.cloudfront.net/photos/pets/45308799/1/?bust=1563551137&width=300', u'full': u'https://dl5zpyw5k3jeb.cloudfront.net/photos/pets/45308799/1/?bust=1563551137'}]",2019-07-19T15:50:43+0000,Medium,Dog,adopted,2019-08-18T17:41:36+0000,[],Dog,https://www.petfinder.com/dog/daniela-45308799/ca/el-centro/dees-rescue-ca2545/?referrer_id=f39f8922-e11e-4604-a147-a96d4dfba982
ca2545,45308738,dog,Adult,,True,True,True,False,True,Spaniel,Pomeranian,False,Medium,Golden,,,,,El Centro,US,92243,CA,,(760) 554-6305,Canelo is such a sweet boy. He loves everyone and is just waiting to be noticed at the rescue.,2.7503,,True,True,Male,45308738,Canelo,CA2545,"[{u'small': u'https://dl5zpyw5k3jeb.cloudfront.net/photos/pets/45308738/1/?bust=1563550544&width=100', u'large': u'https://dl5zpyw5k3jeb.cloudfront.net/photos/pets/45308738/1/?bust=1563550544&width=600', u'medium': u'https://dl5zpyw5k3jeb.cloudfront.net/photos/pets/45308738/1/?bust=1563550544&width=300', u'full': u'https://dl5zpyw5k3jeb.cloudfront.net/photos/pets/45308738/1/?bust=1563550544'}]",2019-07-19T15:37:04+0000,Small,Dog,adopted,2019-07-29T02:27:49+0000,[],Dog,https://www.petfinder.com/dog/canelo-45308738/ca/el-centro/dees-rescue-ca2545/?referrer_id=f39f8922-e11e-4604-a147-a96d4dfba982
ca2545,45297625,dog,Adult,,True,True,True,False,True,Pit Bull Terrier,,False,Short,Black,White / Cream,,,,El Centro,US,92243,CA,,(760) 554-6305,Manny was picked up by animal control. He may have been used for dog fighting or maybe he was in...,2.7503,,True,True,Male,45297625,Manny,CA2545,"[{u'small': u'https://dl5zpyw5k3jeb.cloudfront.net/photos/pets/45297625/1/?bust=1563512584&width=100', u'large': u'https://dl5zpyw5k3jeb.cloudfront.net/photos/pets/45297625/1/?bust=1563512584&width=600', u'medium': u'https://dl5zpyw5k3jeb.cloudfront.net/photos/pets/45297625/1/?bust=1563512584&width=300', u'full': u'https://dl5zpyw5k3jeb.cloudfront.net/photos/pets/45297625/1/?bust=1563512584'}]",2019-07-19T05:16:19+0000,Medium,Dog,adopted,2019-12-11T15:19:53+0000,[],Dog,https://www.petfinder.com/dog/manny-45297625/ca/el-centro/dees-rescue-ca2545/?referrer_id=f39f8922-e11e-4604-a147-a96d4dfba982
ca2545,45297612,dog,Young,,True,True,True,False,True,Cockapoo,,False,Curly,Apricot / Beige,,,,,El Centro,US,92243,CA,,(760) 554-6305,Milly is a very sweet doggie looking for a new family to love her.,2.7503,,True,True,Female,45297612,Milly,CA2545,"[{u'small': u'https://dl5zpyw5k3jeb.cloudfront.net/photos/pets/45297612/1/?bust=1563511620&width=100', u'large': u'https://dl5zpyw5k3jeb.cloudfront.net/photos/pets/45297612/1/?bust=1563511620&width=600', u'medium': u'https://dl5zpyw5k3jeb.cloudfront.net/photos/pets/45297612/1/?bust=1563511620&width=300', u'full': u'https://dl5zpyw5k3jeb.cloudfront.net/photos/pets/45297612/1/?bust=1563511620'}]",2019-07-19T04:48:12+0000,Small,Dog,adopted,2019-07-29T02:26:17+0000,[],Dog,https://www.petfinder.com/dog/milly-45297612/ca/el-centro/dees-rescue-ca2545/?referrer_id=f39f8922-e11e-4604-a147-a96d4dfba982
ca2545,45297603,dog,Baby,,False,True,True,False,True,Spaniel,,False,Medium,Black,,,,,El Centro,US,92243,CA,,(760) 554-6305,Lily and Landon are brother and sister. They are 6-8 weeks old. They can be fostered to adopt which means...,2.7503,True,True,True,Male,45297603,Landon,CA2545,"[{u'small': u'https://dl5zpyw5k3jeb.cloudfront.net/photos/pets/45297603/1/?bust=1563512025&width=100', u'large': u'https://dl5zpyw5k3jeb.cloudfront.net/photos/pets/45297603/1/?bust=1563512025&width=600', u'medium': u'https://dl5zpyw5k3jeb.cloudfront.net/photos/pets/45297603/1/?bust=1563512025&width=300', u'full': u'https://dl5zpyw5k3jeb.cloudfront.net/photos/pets/45297603/1/?bust=1563512025'}]",2019-07-19T04:37:36+0000,Small,Dog,adopted,2019-08-18T17:41:10+0000,[],Dog,https://www.petfinder.com/dog/landon-45297603/ca/el-centro/dees-rescue-ca2545/?referrer_id=f39f8922-e11e-4604-a147-a96d4dfba982
ca2545,45297561,dog,Baby,,False,True,True,False,True,Spaniel,,False,Medium,Black,,,,,El Centro,US,92243,CA,,(760) 554-6305,Lily and Landon are brother and sister. They are 6-8 weeks old. They can be fostered to adopt which means...,2.7503,True,True,True,Female,45297561,Lily,CA2545,"[{u'small': u'https://dl5zpyw5k3jeb.cloudfront.net/photos/pets/45297561/1/?bust=1563510485&width=100', u'large': u'https://dl5zpyw5k3jeb.cloudfront.net/photos/pets/45297561/1/?bust=1563510485&width=600', u'medium': u'https://dl5zpyw5k3jeb.cloudfront.net/photos/pets/45297561/1/?bust=1563510485&width=300', u'full': u'https://dl5zpyw5k3jeb.cloudfront.net/photos/pets/45297561/1/?bust=1563510485'}]",2019-07-19T04:31:09+0000,Small,Dog,adopted,2019-08-18T17:41:11+0000,[],Dog,https://www.petfinder.com/dog/lily-45297561/ca/el-centro/dees-rescue-ca2545/?referrer_id=f39f8922-e11e-4604-a147-a96d4dfba982
ca2545,45297318,dog,Adult,,True,True,True,False,True,Shepherd,Labrador Retriever,False,Short,Black,,,,,El Centro,US,92243,CA,,(760) 554-6305,Let me tell you about poor Peter. His previous owner beat him with. Golf club so many times that they...,2.7503,,True,False,Male,45297318,Peter,CA2545,"[{u'small': u'https://dl5zpyw5k3jeb.cloudfront.net/photos/pets/45297318/1/?bust=1563508049&width=100', u'large': u'https://dl5zpyw5k3jeb.cloudfront.net/photos/pets/45297318/1/?bust=1563508049&width=600', u'medium': u'https://dl5zpyw5k3jeb.cloudfront.net/photos/pets/45297318/1/?bust=1563508049&width=300', u'full': u'https://dl5zpyw5k3jeb.cloudfront.net/photos/pets/45297318/1/?bust=1563508049'}, {u'small': u'https://dl5zpyw5k3jeb.cloudfront.net/photos/pets/45297318/2/?bust=1563508052&width=100', u'large': u'https://dl5zpyw5k3jeb.cloudfront.net/photos/pets/45297318/2/?bust=1563508052&width=600', u'medium': u'https://dl5zpyw5k3jeb.cloudfront.net/photos/pets/45297318/2/?bust=1563508052&width=300', u'full': u'https://dl5zpyw5k3jeb.cloudfront.net/photos/pets/45297318/2/?bust=1563508052'}]",2019-07-19T03:53:11+0000,Medium,Dog,adoptable,2019-07-19T03:53:11+0000,[],Dog,https://www.petfinder.com/dog/peter-45297318/ca/el-centro/dees-rescue-ca2545/?referrer_id=f39f8922-e11e-4604-a147-a96d4dfba982
ca2545,45296119,dog,Adult,,True,True,True,False,True,Terrier,,False,Medium,Black,Gray / Blue / Silver,,,,El Centro,US,92243,CA,,(760) 554-6305,Bella would love a new family. She just needs a bed and some toys.,2.7503,True,True,True,Female,45296119,Bella,CA2545,"[{u'small': u'https://dl5zpyw5k3jeb.cloudfront.net/photos/pets/45296119/1/?bust=1563481449&width=100', u'large': u'https://dl5zpyw5k3jeb.cloudfront.net/photos/pets/45296119/1/?bust=1563481449&width=600', u'medium': u'https://dl5zpyw5k3jeb.cloudfront.net/photos/pets/45296119/1/?bust=1563481449&width=300', u'full': u'https://dl5zpyw5k3jeb.cloudfront.net/photos/pets/45296119/1/?bust=1563481449'}]",2019-07-18T20:25:01+0000,Small,Dog,adopted,2019-07-21T16:22:00+0000,[],Dog,https://www.petfinder.com/dog/bella-45296119/ca/el-centro/dees-rescue-ca2545/?referrer_id=f39f8922-e11e-4604-a147-a96d4dfba982
ca2545,45295987,dog,Young,,True,True,True,False,True,Terrier,Labrador Retriever,False,Short,Black,,,,,El Centro,US,92243,CA,,(760) 554-6305,Jelly was adopted as a tiny puppy but once she got older she was too hyper for them. They never...,2.7503,,True,True,Female,45295987,Jelly,CA2545,"[{u'small': u'https://dl5zpyw5k3jeb.cloudfront.net/photos/pets/45295987/1/?bust=1563480332&width=100', u'large': u'https://dl5zpyw5k3jeb.cloudfront.net/photos/pets/45295987/1/?bust=1563480332&width=600', u'medium': u'https://dl5zpyw5k3jeb.cloudfront.net/photos/pets/45295987/1/?bust=1563480332&width=300', u'full': u'https://dl5zpyw5k3jeb.cloudfront.net/photos/pets/45295987/1/?bust=1563480332'}]",2019-07-18T20:08:21+0000,Medium,Dog,adopted,2019-11-07T00:25:43+0000,[],Dog,https://www.petfinder.com/dog/jelly-45295987/ca/el-centro/dees-rescue-ca2545/?referrer_id=f39f8922-e11e-4604-a147-a96d4dfba982
ca2545,45295910,dog,Adult,,True,True,True,False,True,Labrador Retriever,Shepherd,False,Short,Black,,,,,El Centro,US,92243,CA,,(760) 554-6305,Pearl is a delightful lab/shepherd mix. She loves all the dogs that are currently at the rescue.,2.7503,,True,True,Female,45295910,Pearl,CA2545,"[{u'small': u'https://dl5zpyw5k3jeb.cloudfront.net/photos/pets/45295910/1/?bust=1563479792&width=100', u'large': u'https://dl5zpyw5k3jeb.cloudfront.net/photos/pets/45295910/1/?bust=1563479792&width=600', u'medium': u'https://dl5zpyw5k3jeb.cloudfront.net/photos/pets/45295910/1/?bust=1563479792&width=300', u'full': u'https://dl5zpyw5k3jeb.cloudfront.net/photos/pets/45295910/1/?bust=1563479792'}]",2019-07-18T19:59:05+0000,Medium,Dog,adopted,2019-07-19T15:28:51+0000,[],Dog,https://www.petfinder.com/dog/pearl-45295910/ca/el-centro/dees-rescue-ca2545/?referrer_id=f39f8922-e11e-4604-a147-a96d4dfba982
ca2545,45295884,dog,Baby,,True,True,True,False,True,Terrier,Spaniel,False,Short,White / Cream,,,,,El Centro,US,92243,CA,,(760) 554-6305,Minnie was found abandoned in a purse on the street in Mexicali with her brother. She is still at a...,2.7503,,True,True,Female,45295884,Minnie,CA2545,"[{u'small': u'https://dl5zpyw5k3jeb.cloudfront.net/photos/pets/45295884/1/?bust=1563478501&width=100', u'large': u'https://dl5zpyw5k3jeb.cloudfront.net/photos/pets/45295884/1/?bust=1563478501&width=600', u'medium': u'https://dl5zpyw5k3jeb.cloudfront.net/photos/pets/45295884/1/?bust=1563478501&width=300', u'full': u'https://dl5zpyw5k3jeb.cloudfront.net/photos/pets/45295884/1/?bust=1563478501'}]",2019-07-18T19:37:52+0000,Small,Dog,adopted,2019-07-29T03:38:22+0000,[],Dog,https://www.petfinder.com/dog/minnie-45295884/ca/el-centro/dees-rescue-ca2545/?referrer_id=f39f8922-e11e-4604-a147-a96d4dfba982
ca2545,45287530,dog,Adult,,True,True,True,False,True,Saint Bernard,,False,Short,Brown / Chocolate,White / Cream,,,,El Centro,US,92243,CA,,(760) 554-6305,"Benny was found on the streets of Mexico. Very sweet guy. 
Please contact Heather White for more information (760)554-8738.
He...",2.7503,,True,True,Male,45287530,Benny,CA2545,"[{u'small': u'https://dl5zpyw5k3jeb.cloudfront.net/photos/pets/45287530/1/?bust=1563412435&width=100', u'large': u'https://dl5zpyw5k3jeb.cloudfront.net/photos/pets/45287530/1/?bust=1563412435&width=600', u'medium': u'https://dl5zpyw5k3jeb.cloudfront.net/photos/pets/45287530/1/?bust=1563412435&width=300', u'full': u'https://dl5zpyw5k3jeb.cloudfront.net/photos/pets/45287530/1/?bust=1563412435'}, {u'small': u'https://dl5zpyw5k3jeb.cloudfront.net/photos/pets/45287530/2/?bust=1563412447&width=100', u'large': u'https://dl5zpyw5k3jeb.cloudfront.net/photos/pets/45287530/2/?bust=1563412447&width=600', u'medium': u'https://dl5zpyw5k3jeb.cloudfront.net/photos/pets/45287530/2/?bust=1563412447&width=300', u'full': u'https://dl5zpyw5k3jeb.cloudfront.net/photos/pets/45287530/2/?bust=1563412447'}]",2019-07-18T01:16:02+0000,Large,Dog,adopted,2019-09-17T23:30:51+0000,[],Dog,https://www.petfinder.com/dog/benny-45287530/ca/el-centro/dees-rescue-ca2545/?referrer_id=f39f8922-e11e-4604-a147-a96d4dfba982
ca2545,45278320,dog,Baby,,True,True,True,False,True,Shiba Inu,Shepherd,False,Short,Golden,,,,,El Centro,US,92243,CA,,(760) 554-6305,Lexie was found abandoned on a mountain in Mexico when she was a month old. She is now 6 months...,2.7503,,True,True,Female,45278320,Lexie,CA2545,"[{u'small': u'https://dl5zpyw5k3jeb.cloudfront.net/photos/pets/45278320/1/?bust=1563339374&width=100', u'large': u'https://dl5zpyw5k3jeb.cloudfront.net/photos/pets/45278320/1/?bust=1563339374&width=600', u'medium': u'https://dl5zpyw5k3jeb.cloudfront.net/photos/pets/45278320/1/?bust=1563339374&width=300', u'full': u'https://dl5zpyw5k3jeb.cloudfront.net/photos/pets/45278320/1/?bust=1563339374'}]",2019-07-17T05:09:19+0000,Medium,Dog,adopted,2019-12-11T15:20:04+0000,[],Dog,https://www.petfinder.com/dog/lexie-45278320/ca/el-centro/dees-rescue-ca2545/?referrer_id=f39f8922-e11e-4604-a147-a96d4dfba982
ca2545,45277408,dog,Adult,,True,True,True,False,True,Basenji,Corgi,False,Short,Golden,White / Cream,,,,El Centro,US,92243,CA,,(760) 554-6305,"Nala is from the streets of Mexicali. She’s been fixed and has her shots. Very sweet disposition.
Contact Heather at...",2.7503,,True,True,Female,45277408,Nala,CA2545,"[{u'small': u'https://dl5zpyw5k3jeb.cloudfront.net/photos/pets/45277408/1/?bust=1563317440&width=100', u'large': u'https://dl5zpyw5k3jeb.cloudfront.net/photos/pets/45277408/1/?bust=1563317440&width=600', u'medium': u'https://dl5zpyw5k3jeb.cloudfront.net/photos/pets/45277408/1/?bust=1563317440&width=300', u'full': u'https://dl5zpyw5k3jeb.cloudfront.net/photos/pets/45277408/1/?bust=1563317440'}]",2019-07-16T22:52:09+0000,Medium,Dog,adopted,2019-07-18T00:10:25+0000,[],Dog,https://www.petfinder.com/dog/nala-45277408/ca/el-centro/dees-rescue-ca2545/?referrer_id=f39f8922-e11e-4604-a147-a96d4dfba982
ca2545,45277191,dog,Young,,True,True,True,False,True,Spaniel,,False,Short,Golden,,,,,El Centro,US,92243,CA,,(760) 554-6305,He was found on the street with another dog. The other dog had a chip but owner wouldn’t respond (even...,2.7503,,True,True,Male,45277191,Chaos,CA2545,"[{u'small': u'https://dl5zpyw5k3jeb.cloudfront.net/photos/pets/45277191/1/?bust=1563315536&width=100', u'large': u'https://dl5zpyw5k3jeb.cloudfront.net/photos/pets/45277191/1/?bust=1563315536&width=600', u'medium': u'https://dl5zpyw5k3jeb.cloudfront.net/photos/pets/45277191/1/?bust=1563315536&width=300', u'full': u'https://dl5zpyw5k3jeb.cloudfront.net/photos/pets/45277191/1/?bust=1563315536'}]",2019-07-16T22:47:53+0000,Medium,Dog,adopted,2019-08-18T17:41:11+0000,[],Dog,https://www.petfinder.com/dog/chaos-45277191/ca/el-centro/dees-rescue-ca2545/?referrer_id=f39f8922-e11e-4604-a147-a96d4dfba982
ca2545,42767861,dog,Baby,,True,True,True,False,True,Chihuahua,Terrier,False,Short,Black,,,,,El Centro,US,92243,CA,,(760) 554-6305,"Belle is still a puppy hoping for a family for life.
BELLE HAS BEEN TRANSFERRED TO THE CHIHUAHUA RESCUE IN...",2.7503,,True,True,Female,42767861,Belle,CA2545,"[{u'small': u'https://dl5zpyw5k3jeb.cloudfront.net/photos/pets/42767861/1/?bust=1537065211&width=100', u'large': u'https://dl5zpyw5k3jeb.cloudfront.net/photos/pets/42767861/1/?bust=1537065211&width=600', u'medium': u'https://dl5zpyw5k3jeb.cloudfront.net/photos/pets/42767861/1/?bust=1537065211&width=300', u'full': u'https://dl5zpyw5k3jeb.cloudfront.net/photos/pets/42767861/1/?bust=1537065211'}]",2018-09-16T02:34:23+0000,Small,Dog,adopted,2018-10-03T19:11:12+0000,[],Dog,https://www.petfinder.com/dog/belle-42767861/ca/el-centro/dees-rescue-ca2545/?referrer_id=f39f8922-e11e-4604-a147-a96d4dfba982
ca2545,42767732,dog,Adult,,True,True,True,False,True,Retriever,Chow Chow,False,Short,Golden,,,,,El Centro,US,92243,CA,,(760) 554-6305,Keshia just wants attention and a warm bed to sleep in.,2.7503,,True,True,Female,42767732,Keshia,CA2545,"[{u'small': u'https://dl5zpyw5k3jeb.cloudfront.net/photos/pets/42767732/1/?bust=1537055932&width=100', u'large': u'https://dl5zpyw5k3jeb.cloudfront.net/photos/pets/42767732/1/?bust=1537055932&width=600', u'medium': u'https://dl5zpyw5k3jeb.cloudfront.net/photos/pets/42767732/1/?bust=1537055932&width=300', u'full': u'https://dl5zpyw5k3jeb.cloudfront.net/photos/pets/42767732/1/?bust=1537055932'}, {u'small': u'https://dl5zpyw5k3jeb.cloudfront.net/photos/pets/42767732/2/?bust=1537055937&width=100', u'large': u'https://dl5zpyw5k3jeb.cloudfront.net/photos/pets/42767732/2/?bust=1537055937&width=600', u'medium': u'https://dl5zpyw5k3jeb.cloudfront.net/photos/pets/42767732/2/?bust=1537055937&width=300', u'full': u'https://dl5zpyw5k3jeb.cloudfront.net/photos/pets/42767732/2/?bust=1537055937'}]",2018-09-16T00:00:41+0000,Medium,Dog,adopted,2018-10-03T19:11:13+0000,[],Dog,https://www.petfinder.com/dog/keshia-42767732/ca/el-centro/dees-rescue-ca2545/?referrer_id=f39f8922-e11e-4604-a147-a96d4dfba982
ca2545,42705265,dog,Young,,True,True,True,False,True,Chihuahua,Terrier,False,Short,White / Cream,,,,,El Centro,US,92243,CA,,(760) 554-6305,Cami was rescued from the streets of Mexico. She’s very sweet.,2.7503,,True,True,Female,42705265,Cami,CA2545,"[{u'small': u'https://dl5zpyw5k3jeb.cloudfront.net/photos/pets/42705265/1/?bust=1536434524&width=100', u'large': u'https://dl5zpyw5k3jeb.cloudfront.net/photos/pets/42705265/1/?bust=1536434524&width=600', u'medium': u'https://dl5zpyw5k3jeb.cloudfront.net/photos/pets/42705265/1/?bust=1536434524&width=300', u'full': u'https://dl5zpyw5k3jeb.cloudfront.net/photos/pets/42705265/1/?bust=1536434524'}]",2018-09-08T19:23:50+0000,Small,Dog,adopted,2018-11-18T15:06:31+0000,[],Dog,https://www.petfinder.com/dog/cami-42705265/ca/el-centro/dees-rescue-ca2545/?referrer_id=f39f8922-e11e-4604-a147-a96d4dfba982
ca2545,41995544,dog,Adult,,False,True,True,False,True,Shepherd,,False,Medium,Golden,,,,,El Centro,US,92243,CA,,(760) 554-6305,Courtesy post for a rescue in Mexicali. Paco has had cancer treatments and is cancer free. He is neutered and...,2.7503,,True,,Male,41995544,Paco,CA2545,"[{u'small': u'https://dl5zpyw5k3jeb.cloudfront.net/photos/pets/41995544/1/?bust=1529854700&width=100', u'large': u'https://dl5zpyw5k3jeb.cloudfront.net/photos/pets/41995544/1/?bust=1529854700&width=600', u'medium': u'https://dl5zpyw5k3jeb.cloudfront.net/photos/pets/41995544/1/?bust=1529854700&width=300', u'full': u'https://dl5zpyw5k3jeb.cloudfront.net/photos/pets/41995544/1/?bust=1529854700'}]",2018-06-24T15:42:02+0000,Large,Dog,adopted,2018-07-25T17:03:45+0000,[],Dog,https://www.petfinder.com/dog/paco-41995544/ca/el-centro/dees-rescue-ca2545/?referrer_id=f39f8922-e11e-4604-a147-a96d4dfba982
ca2545,41457605,dog,Baby,,False,True,True,False,True,German Shepherd Dog,Labrador Retriever,False,Short,Apricot / Beige,,,,,El Centro,US,92243,CA,,(760) 554-6305,5 puppies were found abandoned. They are shepherd/lab mix. 3 females and 2 males. Some lt brown and some dark...,2.7503,True,True,True,Female,41457605,Puppies,CA2545,"[{u'small': u'https://dl5zpyw5k3jeb.cloudfront.net/photos/pets/41457605/1/?bust=1524339749&width=100', u'large': u'https://dl5zpyw5k3jeb.cloudfront.net/photos/pets/41457605/1/?bust=1524339749&width=600', u'medium': u'https://dl5zpyw5k3jeb.cloudfront.net/photos/pets/41457605/1/?bust=1524339749&width=300', u'full': u'https://dl5zpyw5k3jeb.cloudfront.net/photos/pets/41457605/1/?bust=1524339749'}]",2018-04-21T19:43:55+0000,Large,Dog,adopted,2018-05-01T18:06:56+0000,[],Dog,https://www.petfinder.com/dog/puppies-41457605/ca/el-centro/dees-rescue-ca2545/?referrer_id=f39f8922-e11e-4604-a147-a96d4dfba982
ca2545,41247341,dog,Baby,,False,False,True,False,True,Spaniel,,False,Medium,Apricot / Beige,White / Cream,,,,El Centro,US,92243,CA,,(760) 554-6305,Check out this cute puppy. Owners were overwhelmed with so many dogs and puppies so Mocha and his siblings need...,2.7503,True,True,True,Male,41247341,Mocha,CA2545,"[{u'small': u'https://dl5zpyw5k3jeb.cloudfront.net/photos/pets/41247341/1/?bust=1521861816&width=100', u'large': u'https://dl5zpyw5k3jeb.cloudfront.net/photos/pets/41247341/1/?bust=1521861816&width=600', u'medium': u'https://dl5zpyw5k3jeb.cloudfront.net/photos/pets/41247341/1/?bust=1521861816&width=300', u'full': u'https://dl5zpyw5k3jeb.cloudfront.net/photos/pets/41247341/1/?bust=1521861816'}]",2018-03-24T03:25:33+0000,Medium,Dog,adopted,2018-03-24T03:25:33+0000,[],Dog,https://www.petfinder.com/dog/mocha-41247341/ca/el-centro/dees-rescue-ca2545/?referrer_id=f39f8922-e11e-4604-a147-a96d4dfba982
ca2545,41247336,dog,Adult,,True,False,True,False,False,Weimaraner,,False,Short,Gray / Blue / Silver,,,,,El Centro,US,92243,CA,,(760) 554-6305,Fancy had a family and a home but their situation changed and she is now without either. Very friendly girl....,2.7503,True,True,True,Female,41247336,Fancy,CA2545,"[{u'small': u'https://dl5zpyw5k3jeb.cloudfront.net/photos/pets/41247336/1/?bust=1521861177&width=100', u'large': u'https://dl5zpyw5k3jeb.cloudfront.net/photos/pets/41247336/1/?bust=1521861177&width=600', u'medium': u'https://dl5zpyw5k3jeb.cloudfront.net/photos/pets/41247336/1/?bust=1521861177&width=300', u'full': u'https://dl5zpyw5k3jeb.cloudfront.net/photos/pets/41247336/1/?bust=1521861177'}]",2018-03-24T03:14:30+0000,Medium,Dog,adopted,2018-03-30T20:52:24+0000,[],Dog,https://www.petfinder.com/dog/fancy-41247336/ca/el-centro/dees-rescue-ca2545/?referrer_id=f39f8922-e11e-4604-a147-a96d4dfba982
ca2545,41164437,dog,Young,,True,True,True,False,True,Boxer,Labrador Retriever,False,Short,Brindle,Brown / Chocolate,,,,El Centro,US,92243,CA,,(760) 554-6305,Chapo is an owner turn in because he was too high energy for the elderly couple that owned him. He’s...,2.7503,,True,True,Male,41164437,Chapo,CA2545,"[{u'small': u'https://dl5zpyw5k3jeb.cloudfront.net/photos/pets/41164437/2/?bust=1520917210&width=100', u'large': u'https://dl5zpyw5k3jeb.cloudfront.net/photos/pets/41164437/2/?bust=1520917210&width=600', u'medium': u'https://dl5zpyw5k3jeb.cloudfront.net/photos/pets/41164437/2/?bust=1520917210&width=300', u'full': u'https://dl5zpyw5k3jeb.cloudfront.net/photos/pets/41164437/2/?bust=1520917210'}, {u'small': u'https://dl5zpyw5k3jeb.cloudfront.net/photos/pets/41164437/1/?bust=1520917206&width=100', u'large': u'https://dl5zpyw5k3jeb.cloudfront.net/photos/pets/41164437/1/?bust=1520917206&width=600', u'medium': u'https://dl5zpyw5k3jeb.cloudfront.net/photos/pets/41164437/1/?bust=1520917206&width=300', u'full': u'https://dl5zpyw5k3jeb.cloudfront.net/photos/pets/41164437/1/?bust=1520917206'}, {u'small': u'https://dl5zpyw5k3jeb.cloudfront.net/photos/pets/41164437/3/?bust=1520917211&width=100', u'large': u'https://dl5zpyw5k3jeb.cloudfront.net/photos/pets/41164437/3/?bust=1520917211&width=600', u'medium': u'https://dl5zpyw5k3jeb.cloudfront.net/photos/pets/41164437/3/?bust=1520917211&width=300', u'full': u'https://dl5zpyw5k3jeb.cloudfront.net/photos/pets/41164437/3/?bust=1520917211'}]",2018-03-14T02:51:59+0000,Large,Dog,adopted,2019-04-30T04:28:11+0000,[],Dog,https://www.petfinder.com/dog/chapo-41164437/ca/el-centro/dees-rescue-ca2545/?referrer_id=f39f8922-e11e-4604-a147-a96d4dfba982
ca2545,41164433,dog,Young,,True,True,True,False,True,German Shepherd Dog,Labrador Retriever,False,Short,Golden,,,,,El Centro,US,92243,CA,,(760) 554-6305,Lance needs room to run. He’s a young guy who wants to be taken on walks.,2.7503,,True,True,Male,41164433,Lance,CA2545,"[{u'small': u'https://dl5zpyw5k3jeb.cloudfront.net/photos/pets/41164433/3/?bust=1520916972&width=100', u'large': u'https://dl5zpyw5k3jeb.cloudfront.net/photos/pets/41164433/3/?bust=1520916972&width=600', u'medium': u'https://dl5zpyw5k3jeb.cloudfront.net/photos/pets/41164433/3/?bust=1520916972&width=300', u'full': u'https://dl5zpyw5k3jeb.cloudfront.net/photos/pets/41164433/3/?bust=1520916972'}, {u'small': u'https://dl5zpyw5k3jeb.cloudfront.net/photos/pets/41164433/1/?bust=1520916966&width=100', u'large': u'https://dl5zpyw5k3jeb.cloudfront.net/photos/pets/41164433/1/?bust=1520916966&width=600', u'medium': u'https://dl5zpyw5k3jeb.cloudfront.net/photos/pets/41164433/1/?bust=1520916966&width=300', u'full': u'https://dl5zpyw5k3jeb.cloudfront.net/photos/pets/41164433/1/?bust=1520916966'}, {u'small': u'https://dl5zpyw5k3jeb.cloudfront.net/photos/pets/41164433/2/?bust=1520916969&width=100', u'large': u'https://dl5zpyw5k3jeb.cloudfront.net/photos/pets/41164433/2/?bust=1520916969&width=600', u'medium': u'https://dl5zpyw5k3jeb.cloudfront.net/photos/pets/41164433/2/?bust=1520916969&width=300', u'full': u'https://dl5zpyw5k3jeb.cloudfront.net/photos/pets/41164433/2/?bust=1520916969'}]",2018-03-13T04:57:16+0000,Large,Dog,adopted,2018-05-01T18:06:56+0000,[],Dog,https://www.petfinder.com/dog/lance-41164433/ca/el-centro/dees-rescue-ca2545/?referrer_id=f39f8922-e11e-4604-a147-a96d4dfba982
ca2545,41164427,dog,Adult,,True,True,True,False,True,Chihuahua,,False,Short,White / Cream,,,,,El Centro,US,92243,CA,,(760) 554-6305,Abby is such a sweetheart and has so much love to give.,2.7503,True,True,True,Female,41164427,Abby,CA2545,"[{u'small': u'https://dl5zpyw5k3jeb.cloudfront.net/photos/pets/41164427/1/?bust=1520916696&width=100', u'large': u'https://dl5zpyw5k3jeb.cloudfront.net/photos/pets/41164427/1/?bust=1520916696&width=600', u'medium': u'https://dl5zpyw5k3jeb.cloudfront.net/photos/pets/41164427/1/?bust=1520916696&width=300', u'full': u'https://dl5zpyw5k3jeb.cloudfront.net/photos/pets/41164427/1/?bust=1520916696'}]",2018-03-13T04:53:26+0000,Small,Dog,adopted,2018-03-22T22:31:03+0000,[],Dog,https://www.petfinder.com/dog/abby-41164427/ca/el-centro/dees-rescue-ca2545/?referrer_id=f39f8922-e11e-4604-a147-a96d4dfba982
ca2545,41164376,dog,Young,,True,True,True,False,True,Labrador Retriever,,False,Short,Black,,,,,El Centro,US,92243,CA,,(760) 554-6305,Star is a beautiful lab looking for a yard to run around in. Still young enough to train easily.,2.7503,,True,True,Female,41164376,Star,CA2545,"[{u'small': u'https://dl5zpyw5k3jeb.cloudfront.net/photos/pets/41164376/1/?bust=1520913432&width=100', u'large': u'https://dl5zpyw5k3jeb.cloudfront.net/photos/pets/41164376/1/?bust=1520913432&width=600', u'medium': u'https://dl5zpyw5k3jeb.cloudfront.net/photos/pets/41164376/1/?bust=1520913432&width=300', u'full': u'https://dl5zpyw5k3jeb.cloudfront.net/photos/pets/41164376/1/?bust=1520913432'}]",2018-03-13T03:58:24+0000,Large,Dog,adopted,2018-03-17T02:22:47+0000,[],Dog,https://www.petfinder.com/dog/star-41164376/ca/el-centro/dees-rescue-ca2545/?referrer_id=f39f8922-e11e-4604-a147-a96d4dfba982
ca2545,41164367,dog,Adult,,True,True,True,False,True,Poodle,Bichon Frise,False,Medium,White / Cream,,,,,El Centro,US,92243,CA,,(760) 554-6305,Ricky likes to be the center of attention. He wants a family to love him.,2.7503,,True,True,Male,41164367,Ricky,CA2545,"[{u'small': u'https://dl5zpyw5k3jeb.cloudfront.net/photos/pets/41164367/1/?bust=1520913130&width=100', u'large': u'https://dl5zpyw5k3jeb.cloudfront.net/photos/pets/41164367/1/?bust=1520913130&width=600', u'medium': u'https://dl5zpyw5k3jeb.cloudfront.net/photos/pets/41164367/1/?bust=1520913130&width=300', u'full': u'https://dl5zpyw5k3jeb.cloudfront.net/photos/pets/41164367/1/?bust=1520913130'}, {u'small': u'https://dl5zpyw5k3jeb.cloudfront.net/photos/pets/41164367/2/?bust=1520913133&width=100', u'large': u'https://dl5zpyw5k3jeb.cloudfront.net/photos/pets/41164367/2/?bust=1520913133&width=600', u'medium': u'https://dl5zpyw5k3jeb.cloudfront.net/photos/pets/41164367/2/?bust=1520913133&width=300', u'full': u'https://dl5zpyw5k3jeb.cloudfront.net/photos/pets/41164367/2/?bust=1520913133'}, {u'small': u'https://dl5zpyw5k3jeb.cloudfront.net/photos/pets/41164367/3/?bust=1520913135&width=100', u'large': u'https://dl5zpyw5k3jeb.cloudfront.net/photos/pets/41164367/3/?bust=1520913135&width=600', u'medium': u'https://dl5zpyw5k3jeb.cloudfront.net/photos/pets/41164367/3/?bust=1520913135&width=300', u'full': u'https://dl5zpyw5k3jeb.cloudfront.net/photos/pets/41164367/3/?bust=1520913135'}]",2018-03-13T03:54:28+0000,Medium,Dog,adopted,2018-03-24T03:15:13+0000,[],Dog,https://www.petfinder.com/dog/ricky-41164367/ca/el-centro/dees-rescue-ca2545/?referrer_id=f39f8922-e11e-4604-a147-a96d4dfba982
ca2545,40985376,dog,Young,,True,True,True,False,True,Terrier,Airedale Terrier,False,Medium,Golden,,,,,El Centro,US,92243,CA,,(760) 554-6305,Scooby was found malnourished in the streets of Mexico. He just wants love and attention.,2.7503,,True,True,Male,40985376,Scooby,CA2545,"[{u'small': u'https://dl5zpyw5k3jeb.cloudfront.net/photos/pets/40985376/2/?bust=1518983212&width=100', u'large': u'https://dl5zpyw5k3jeb.cloudfront.net/photos/pets/40985376/2/?bust=1518983212&width=600', u'medium': u'https://dl5zpyw5k3jeb.cloudfront.net/photos/pets/40985376/2/?bust=1518983212&width=300', u'full': u'https://dl5zpyw5k3jeb.cloudfront.net/photos/pets/40985376/2/?bust=1518983212'}, {u'small': u'https://dl5zpyw5k3jeb.cloudfront.net/photos/pets/40985376/1/?bust=1518983209&width=100', u'large': u'https://dl5zpyw5k3jeb.cloudfront.net/photos/pets/40985376/1/?bust=1518983209&width=600', u'medium': u'https://dl5zpyw5k3jeb.cloudfront.net/photos/pets/40985376/1/?bust=1518983209&width=300', u'full': u'https://dl5zpyw5k3jeb.cloudfront.net/photos/pets/40985376/1/?bust=1518983209'}, {u'small': u'https://dl5zpyw5k3jeb.cloudfront.net/photos/pets/40985376/3/?bust=1518983213&width=100', u'large': u'https://dl5zpyw5k3jeb.cloudfront.net/photos/pets/40985376/3/?bust=1518983213&width=600', u'medium': u'https://dl5zpyw5k3jeb.cloudfront.net/photos/pets/40985376/3/?bust=1518983213&width=300', u'full': u'https://dl5zpyw5k3jeb.cloudfront.net/photos/pets/40985376/3/?bust=1518983213'}, {u'small': u'https://dl5zpyw5k3jeb.cloudfront.net/photos/pets/40985376/4/?bust=1518983215&width=100', u'large': u'https://dl5zpyw5k3jeb.cloudfront.net/photos/pets/40985376/4/?bust=1518983215&width=600', u'medium': u'https://dl5zpyw5k3jeb.cloudfront.net/photos/pets/40985376/4/?bust=1518983215&width=300', u'full': u'https://dl5zpyw5k3jeb.cloudfront.net/photos/pets/40985376/4/?bust=1518983215'}]",2018-02-18T19:47:51+0000,Large,Dog,adopted,2018-03-24T03:15:13+0000,[],Dog,https://www.petfinder.com/dog/scooby-40985376/ca/el-centro/dees-rescue-ca2545/?referrer_id=f39f8922-e11e-4604-a147-a96d4dfba982
ca2545,40643916,dog,Young,,True,True,True,False,True,Boxer,,False,Short,White / Cream,,,,,El Centro,US,92243,CA,,(760) 554-6305,Audrey came in with Margo but is quite happy to find a separate family to love her.,2.7503,True,True,True,Female,40643916,Audrey,CA2545,"[{u'small': u'https://dl5zpyw5k3jeb.cloudfront.net/photos/pets/40643916/1/?bust=1515703695&width=100', u'large': u'https://dl5zpyw5k3jeb.cloudfront.net/photos/pets/40643916/1/?bust=1515703695&width=600', u'medium': u'https://dl5zpyw5k3jeb.cloudfront.net/photos/pets/40643916/1/?bust=1515703695&width=300', u'full': u'https://dl5zpyw5k3jeb.cloudfront.net/photos/pets/40643916/1/?bust=1515703695'}]",2018-01-11T20:50:07+0000,Medium,Dog,adopted,2018-03-08T05:10:53+0000,[],Dog,https://www.petfinder.com/dog/audrey-40643916/ca/el-centro/dees-rescue-ca2545/?referrer_id=f39f8922-e11e-4604-a147-a96d4dfba982
ca2545,40643896,dog,Young,,True,False,True,False,True,Boxer,,False,Short,,,,,,El Centro,US,92243,CA,,(760) 554-6305,Audrey is such a friendly girl. She is so ready of a family of her own.,2.7503,True,True,True,Female,40643896,Margo,CA2545,"[{u'small': u'https://dl5zpyw5k3jeb.cloudfront.net/photos/pets/40643896/1/?bust=1515703412&width=100', u'large': u'https://dl5zpyw5k3jeb.cloudfront.net/photos/pets/40643896/1/?bust=1515703412&width=600', u'medium': u'https://dl5zpyw5k3jeb.cloudfront.net/photos/pets/40643896/1/?bust=1515703412&width=300', u'full': u'https://dl5zpyw5k3jeb.cloudfront.net/photos/pets/40643896/1/?bust=1515703412'}]",2018-01-11T20:44:45+0000,Medium,Dog,adopted,2018-03-08T05:10:53+0000,[],Dog,https://www.petfinder.com/dog/margo-40643896/ca/el-centro/dees-rescue-ca2545/?referrer_id=f39f8922-e11e-4604-a147-a96d4dfba982
ca2545,40600204,dog,Young,,True,True,True,False,True,Labrador Retriever,,False,Short,,,,,,El Centro,US,92243,CA,,(760) 554-6305,Poofy is a super sweet guy who is super skinny. He needs a new loving home.,2.7503,True,True,True,Male,40600204,Poofy,CA2545,"[{u'small': u'https://dl5zpyw5k3jeb.cloudfront.net/photos/pets/40600204/1/?bust=1515272085&width=100', u'large': u'https://dl5zpyw5k3jeb.cloudfront.net/photos/pets/40600204/1/?bust=1515272085&width=600', u'medium': u'https://dl5zpyw5k3jeb.cloudfront.net/photos/pets/40600204/1/?bust=1515272085&width=300', u'full': u'https://dl5zpyw5k3jeb.cloudfront.net/photos/pets/40600204/1/?bust=1515272085'}]",2018-01-06T20:59:08+0000,Medium,Dog,adopted,2018-02-18T19:00:50+0000,[],Dog,https://www.petfinder.com/dog/poofy-40600204/ca/el-centro/dees-rescue-ca2545/?referrer_id=f39f8922-e11e-4604-a147-a96d4dfba982
ca2545,40600169,dog,Adult,,True,True,True,False,True,Maltese,Terrier,False,Medium,White / Cream,,,,,El Centro,US,92243,CA,,(760) 554-6305,Louie was rescued from Mexico. He is underweight from lack of food access. Very lovable.,2.7503,True,True,True,Male,40600169,Louie,CA2545,"[{u'small': u'https://dl5zpyw5k3jeb.cloudfront.net/photos/pets/40600169/1/?bust=1515271788&width=100', u'large': u'https://dl5zpyw5k3jeb.cloudfront.net/photos/pets/40600169/1/?bust=1515271788&width=600', u'medium': u'https://dl5zpyw5k3jeb.cloudfront.net/photos/pets/40600169/1/?bust=1515271788&width=300', u'full': u'https://dl5zpyw5k3jeb.cloudfront.net/photos/pets/40600169/1/?bust=1515271788'}]",2018-01-06T20:50:47+0000,Medium,Dog,adopted,2018-01-13T22:37:05+0000,[],Dog,https://www.petfinder.com/dog/louie-40600169/ca/el-centro/dees-rescue-ca2545/?referrer_id=f39f8922-e11e-4604-a147-a96d4dfba982
ca2545,40600143,dog,Young,,True,True,True,False,True,Labrador Retriever,,False,Short,White / Cream,,,,,El Centro,US,92243,CA,,(760) 554-6305,Rhonda is the daughter to Bella. Both were rescued from Mexico and are very underweight,2.7503,True,True,True,Female,40600143,Rhonda,CA2545,"[{u'small': u'https://dl5zpyw5k3jeb.cloudfront.net/photos/pets/40600143/1/?bust=1515271588&width=100', u'large': u'https://dl5zpyw5k3jeb.cloudfront.net/photos/pets/40600143/1/?bust=1515271588&width=600', u'medium': u'https://dl5zpyw5k3jeb.cloudfront.net/photos/pets/40600143/1/?bust=1515271588&width=300', u'full': u'https://dl5zpyw5k3jeb.cloudfront.net/photos/pets/40600143/1/?bust=1515271588'}]",2018-01-06T20:47:46+0000,Medium,Dog,adopted,2018-01-13T22:37:06+0000,[],Dog,https://www.petfinder.com/dog/rhonda-40600143/ca/el-centro/dees-rescue-ca2545/?referrer_id=f39f8922-e11e-4604-a147-a96d4dfba982
ca2545,40600096,dog,Young,,True,True,True,False,True,Labrador Retriever,,False,Short,White / Cream,,,,,El Centro,US,92243,CA,,(760) 554-6305,Bella was rescued from Mexico. She had one litter but is still young. 2 years old at the most. She...,2.7503,True,True,True,Female,40600096,Bella,CA2545,"[{u'small': u'https://dl5zpyw5k3jeb.cloudfront.net/photos/pets/40600096/1/?bust=1515271325&width=100', u'large': u'https://dl5zpyw5k3jeb.cloudfront.net/photos/pets/40600096/1/?bust=1515271325&width=600', u'medium': u'https://dl5zpyw5k3jeb.cloudfront.net/photos/pets/40600096/1/?bust=1515271325&width=300', u'full': u'https://dl5zpyw5k3jeb.cloudfront.net/photos/pets/40600096/1/?bust=1515271325'}]",2018-01-06T20:44:06+0000,Small,Dog,adopted,2018-01-13T22:37:06+0000,[],Dog,https://www.petfinder.com/dog/bella-40600096/ca/el-centro/dees-rescue-ca2545/?referrer_id=f39f8922-e11e-4604-a147-a96d4dfba982
ca2545,40515920,dog,Adult,,True,True,True,False,True,Pug,,False,Short,Black,,,,,El Centro,US,92243,CA,,(760) 554-6305,Sasha was found and now needs a new family to love her.,2.7503,True,True,True,Female,40515920,Sasha,CA2545,"[{u'small': u'https://dl5zpyw5k3jeb.cloudfront.net/photos/pets/40515920/1/?bust=1514333043&width=100', u'large': u'https://dl5zpyw5k3jeb.cloudfront.net/photos/pets/40515920/1/?bust=1514333043&width=600', u'medium': u'https://dl5zpyw5k3jeb.cloudfront.net/photos/pets/40515920/1/?bust=1514333043&width=300', u'full': u'https://dl5zpyw5k3jeb.cloudfront.net/photos/pets/40515920/1/?bust=1514333043'}]",2017-12-27T00:04:50+0000,Small,Dog,adopted,2018-01-12T22:44:11+0000,[],Dog,https://www.petfinder.com/dog/sasha-40515920/ca/el-centro/dees-rescue-ca2545/?referrer_id=f39f8922-e11e-4604-a147-a96d4dfba982
ca2545,40515865,dog,Adult,,True,True,True,False,False,Schnauzer,,False,Medium,,,,,,El Centro,US,92243,CA,,(760) 554-6305,Pete and Lisa were found together but are fine being separated. They adapt to other dogs wonderfully.,2.7503,True,True,True,Male,40515865,Pete,CA2545,"[{u'small': u'https://dl5zpyw5k3jeb.cloudfront.net/photos/pets/40515865/1/?bust=1514331749&width=100', u'large': u'https://dl5zpyw5k3jeb.cloudfront.net/photos/pets/40515865/1/?bust=1514331749&width=600', u'medium': u'https://dl5zpyw5k3jeb.cloudfront.net/photos/pets/40515865/1/?bust=1514331749&width=300', u'full': u'https://dl5zpyw5k3jeb.cloudfront.net/photos/pets/40515865/1/?bust=1514331749'}]",2017-12-26T23:43:50+0000,Medium,Dog,adopted,2018-01-28T20:46:30+0000,[],Dog,https://www.petfinder.com/dog/pete-40515865/ca/el-centro/dees-rescue-ca2545/?referrer_id=f39f8922-e11e-4604-a147-a96d4dfba982
ca2545,40515852,dog,Young,,True,True,True,False,True,Schnauzer,,False,Medium,Gray / Blue / Silver,,,,,El Centro,US,92243,CA,,(760) 554-6305,Lisa loves to be around people and other dogs. She is friendly with everyone.,2.7503,True,True,True,Female,40515852,Lisa,CA2545,"[{u'small': u'https://dl5zpyw5k3jeb.cloudfront.net/photos/pets/40515852/1/?bust=1514331520&width=100', u'large': u'https://dl5zpyw5k3jeb.cloudfront.net/photos/pets/40515852/1/?bust=1514331520&width=600', u'medium': u'https://dl5zpyw5k3jeb.cloudfront.net/photos/pets/40515852/1/?bust=1514331520&width=300', u'full': u'https://dl5zpyw5k3jeb.cloudfront.net/photos/pets/40515852/1/?bust=1514331520'}]",2017-12-26T23:39:44+0000,Medium,Dog,adopted,2018-01-11T18:41:01+0000,[],Dog,https://www.petfinder.com/dog/lisa-40515852/ca/el-centro/dees-rescue-ca2545/?referrer_id=f39f8922-e11e-4604-a147-a96d4dfba982
ca2545,40514034,dog,Adult,,True,True,True,False,True,Labrador Retriever,,False,Short,Black,,,,,El Centro,US,92243,CA,,(760) 554-6305,Paisley is a sweet girl that the previous owners had to give up. She is fine laying around or would...,2.7503,True,True,True,Female,40514034,Paisley,CA2545,"[{u'small': u'https://dl5zpyw5k3jeb.cloudfront.net/photos/pets/40514034/1/?bust=1514316931&width=100', u'large': u'https://dl5zpyw5k3jeb.cloudfront.net/photos/pets/40514034/1/?bust=1514316931&width=600', u'medium': u'https://dl5zpyw5k3jeb.cloudfront.net/photos/pets/40514034/1/?bust=1514316931&width=300', u'full': u'https://dl5zpyw5k3jeb.cloudfront.net/photos/pets/40514034/1/?bust=1514316931'}]",2017-12-26T19:36:43+0000,Large,Dog,adopted,2017-12-28T04:05:33+0000,[],Dog,https://www.petfinder.com/dog/paisley-40514034/ca/el-centro/dees-rescue-ca2545/?referrer_id=f39f8922-e11e-4604-a147-a96d4dfba982
ca2545,40447390,dog,Young,,True,True,True,False,False,Pit Bull Terrier,,False,Short,Gray / Blue / Silver,,,,,El Centro,US,92243,CA,,(760) 554-6305,Brooklyn is a lovable pit bull that gets along with other dogs of all sizes. She is a quiet pit...,2.7503,,True,True,Female,40447390,Brooklyn,CA2545,"[{u'small': u'https://dl5zpyw5k3jeb.cloudfront.net/photos/pets/40447390/1/?bust=1513864021&width=100', u'large': u'https://dl5zpyw5k3jeb.cloudfront.net/photos/pets/40447390/1/?bust=1513864021&width=600', u'medium': u'https://dl5zpyw5k3jeb.cloudfront.net/photos/pets/40447390/1/?bust=1513864021&width=300', u'full': u'https://dl5zpyw5k3jeb.cloudfront.net/photos/pets/40447390/1/?bust=1513864021'}, {u'small': u'https://dl5zpyw5k3jeb.cloudfront.net/photos/pets/40447390/2/?bust=1513864056&width=100', u'large': u'https://dl5zpyw5k3jeb.cloudfront.net/photos/pets/40447390/2/?bust=1513864056&width=600', u'medium': u'https://dl5zpyw5k3jeb.cloudfront.net/photos/pets/40447390/2/?bust=1513864056&width=300', u'full': u'https://dl5zpyw5k3jeb.cloudfront.net/photos/pets/40447390/2/?bust=1513864056'}, {u'small': u'https://dl5zpyw5k3jeb.cloudfront.net/photos/pets/40447390/3/?bust=1513864059&width=100', u'large': u'https://dl5zpyw5k3jeb.cloudfront.net/photos/pets/40447390/3/?bust=1513864059&width=600', u'medium': u'https://dl5zpyw5k3jeb.cloudfront.net/photos/pets/40447390/3/?bust=1513864059&width=300', u'full': u'https://dl5zpyw5k3jeb.cloudfront.net/photos/pets/40447390/3/?bust=1513864059'}]",2017-12-21T13:51:14+0000,Large,Dog,adopted,2018-03-17T02:22:48+0000,[],Dog,https://www.petfinder.com/dog/brooklyn-40447390/ca/el-centro/dees-rescue-ca2545/?referrer_id=f39f8922-e11e-4604-a147-a96d4dfba982
ca2545,40133507,dog,Adult,,True,True,True,False,True,Terrier,,False,Short,,,,,,El Centro,US,92243,CA,,(760) 554-6305,Clara is a wonderful dog but does not like cats. She gets along with other dogs.,2.7503,False,True,True,Female,40133507,Clara,CA2545,"[{u'small': u'https://dl5zpyw5k3jeb.cloudfront.net/photos/pets/40133507/1/?bust=1512943596&width=100', u'large': u'https://dl5zpyw5k3jeb.cloudfront.net/photos/pets/40133507/1/?bust=1512943596&width=600', u'medium': u'https://dl5zpyw5k3jeb.cloudfront.net/photos/pets/40133507/1/?bust=1512943596&width=300', u'full': u'https://dl5zpyw5k3jeb.cloudfront.net/photos/pets/40133507/1/?bust=1512943596'}]",2017-12-10T22:08:34+0000,Small,Dog,adopted,2018-01-17T16:37:47+0000,[],Dog,https://www.petfinder.com/dog/clara-40133507/ca/el-centro/dees-rescue-ca2545/?referrer_id=f39f8922-e11e-4604-a147-a96d4dfba982
ca2545,39998899,dog,Young,,True,True,True,False,True,Terrier,,False,Short,Bicolor,,,,,El Centro,US,92243,CA,,(760) 554-6305,"Penelope was found on the side of the road. She is very mellow. 

Dee’s Rescue is one of the easiest...",2.7503,True,True,True,Female,39998899,Penelope,CA2545,"[{u'small': u'https://dl5zpyw5k3jeb.cloudfront.net/photos/pets/39998899/1/?bust=1511628205&width=100', u'large': u'https://dl5zpyw5k3jeb.cloudfront.net/photos/pets/39998899/1/?bust=1511628205&width=600', u'medium': u'https://dl5zpyw5k3jeb.cloudfront.net/photos/pets/39998899/1/?bust=1511628205&width=300', u'full': u'https://dl5zpyw5k3jeb.cloudfront.net/photos/pets/39998899/1/?bust=1511628205'}]",2017-11-25T16:41:01+0000,Medium,Dog,adopted,2017-12-07T21:58:49+0000,[],Dog,https://www.petfinder.com/dog/penelope-39998899/ca/el-centro/dees-rescue-ca2545/?referrer_id=f39f8922-e11e-4604-a147-a96d4dfba982
ca2545,39996902,dog,Young,,True,True,True,False,True,Siberian Husky,Shepherd,False,Short,Gray / Blue / Silver,,,,,El Centro,US,92243,CA,,(760) 554-6305,Vicky was found at an outdoor mall in semi emaciated condition. She is a super sweetheart and has loved all...,2.7503,,True,True,Female,39996902,Vicky,CA2545,"[{u'small': u'https://dl5zpyw5k3jeb.cloudfront.net/photos/pets/39996902/1/?bust=1511586300&width=100', u'large': u'https://dl5zpyw5k3jeb.cloudfront.net/photos/pets/39996902/1/?bust=1511586300&width=600', u'medium': u'https://dl5zpyw5k3jeb.cloudfront.net/photos/pets/39996902/1/?bust=1511586300&width=300', u'full': u'https://dl5zpyw5k3jeb.cloudfront.net/photos/pets/39996902/1/?bust=1511586300'}, {u'small': u'https://dl5zpyw5k3jeb.cloudfront.net/photos/pets/39996902/2/?bust=1511586330&width=100', u'large': u'https://dl5zpyw5k3jeb.cloudfront.net/photos/pets/39996902/2/?bust=1511586330&width=600', u'medium': u'https://dl5zpyw5k3jeb.cloudfront.net/photos/pets/39996902/2/?bust=1511586330&width=300', u'full': u'https://dl5zpyw5k3jeb.cloudfront.net/photos/pets/39996902/2/?bust=1511586330'}]",2017-11-25T05:02:40+0000,Small,Dog,adopted,2017-12-19T00:15:26+0000,[],Dog,https://www.petfinder.com/dog/vicky-39996902/ca/el-centro/dees-rescue-ca2545/?referrer_id=f39f8922-e11e-4604-a147-a96d4dfba982
ca2545,39967270,dog,Young,,True,True,True,False,True,Pit Bull Terrier,Labrador Retriever,False,Short,Brown / Chocolate,,,,,El Centro,US,92243,CA,,(760) 554-6305,Very friendly pit bull/mix. Wandered into Home Depot looking for a new family.,2.7503,,True,True,Male,39967270,Bradley,CA2545,"[{u'small': u'https://dl5zpyw5k3jeb.cloudfront.net/photos/pets/39967270/1/?bust=1511229384&width=100', u'large': u'https://dl5zpyw5k3jeb.cloudfront.net/photos/pets/39967270/1/?bust=1511229384&width=600', u'medium': u'https://dl5zpyw5k3jeb.cloudfront.net/photos/pets/39967270/1/?bust=1511229384&width=300', u'full': u'https://dl5zpyw5k3jeb.cloudfront.net/photos/pets/39967270/1/?bust=1511229384'}]",2017-11-21T01:53:15+0000,Large,Dog,adopted,2017-11-27T05:19:50+0000,[],Dog,https://www.petfinder.com/dog/bradley-39967270/ca/el-centro/dees-rescue-ca2545/?referrer_id=f39f8922-e11e-4604-a147-a96d4dfba982
ca2545,39842539,dog,Adult,,False,True,True,True,False,Poodle,,False,Short,,,,,,El Centro,US,92243,CA,,(760) 554-6305,Ray Charles was left in a backyard for 7 years. He was recently neutered so the desire to mark his...,2.7503,,True,True,Male,39842539,Ray Charles,CA2545,"[{u'small': u'https://dl5zpyw5k3jeb.cloudfront.net/photos/pets/39842539/1/?bust=1509996430&width=100', u'large': u'https://dl5zpyw5k3jeb.cloudfront.net/photos/pets/39842539/1/?bust=1509996430&width=600', u'medium': u'https://dl5zpyw5k3jeb.cloudfront.net/photos/pets/39842539/1/?bust=1509996430&width=300', u'full': u'https://dl5zpyw5k3jeb.cloudfront.net/photos/pets/39842539/1/?bust=1509996430'}]",2017-11-06T19:26:10+0000,Small,Dog,adopted,2018-03-08T05:10:53+0000,[],Dog,https://www.petfinder.com/dog/ray-charles-39842539/ca/el-centro/dees-rescue-ca2545/?referrer_id=f39f8922-e11e-4604-a147-a96d4dfba982
ca2545,39842461,dog,Young,,True,True,True,False,False,Terrier,,False,Short,,,,,,El Centro,US,92243,CA,,(760) 554-6305,Penelope is a terrier mix that loves to be around people and other dogs.,2.7503,True,True,True,Female,39842461,Penelope,CA2545,"[{u'small': u'https://dl5zpyw5k3jeb.cloudfront.net/photos/pets/39842461/1/?bust=1509996193&width=100', u'large': u'https://dl5zpyw5k3jeb.cloudfront.net/photos/pets/39842461/1/?bust=1509996193&width=600', u'medium': u'https://dl5zpyw5k3jeb.cloudfront.net/photos/pets/39842461/1/?bust=1509996193&width=300', u'full': u'https://dl5zpyw5k3jeb.cloudfront.net/photos/pets/39842461/1/?bust=1509996193'}]",2017-11-06T19:20:46+0000,Medium,Dog,adopted,2017-12-22T03:27:50+0000,[],Dog,https://www.petfinder.com/dog/penelope-39842461/ca/el-centro/dees-rescue-ca2545/?referrer_id=f39f8922-e11e-4604-a147-a96d4dfba982
ca2545,39842425,dog,Adult,,True,True,True,False,False,Poodle,,False,Short,,,,,,El Centro,US,92243,CA,,(760) 554-6305,Cricket currently has an ear infection that is being treated.,2.7503,,True,True,Female,39842425,Cricket,CA2545,"[{u'small': u'https://dl5zpyw5k3jeb.cloudfront.net/photos/pets/39842425/1/?bust=1509995925&width=100', u'large': u'https://dl5zpyw5k3jeb.cloudfront.net/photos/pets/39842425/1/?bust=1509995925&width=600', u'medium': u'https://dl5zpyw5k3jeb.cloudfront.net/photos/pets/39842425/1/?bust=1509995925&width=300', u'full': u'https://dl5zpyw5k3jeb.cloudfront.net/photos/pets/39842425/1/?bust=1509995925'}]",2017-11-06T19:17:08+0000,Medium,Dog,adopted,2017-11-11T07:31:50+0000,[],Dog,https://www.petfinder.com/dog/cricket-39842425/ca/el-centro/dees-rescue-ca2545/?referrer_id=f39f8922-e11e-4604-a147-a96d4dfba982
ca2545,39842409,dog,Adult,,True,True,True,False,False,Terrier,,False,Short,White / Cream,,,,,El Centro,US,92243,CA,,(760) 554-6305,Miller is shy at first but a big goof ball once he knows u.,2.7503,True,True,True,Male,39842409,Miller,CA2545,"[{u'small': u'https://dl5zpyw5k3jeb.cloudfront.net/photos/pets/39842409/1/?bust=1509995708&width=100', u'large': u'https://dl5zpyw5k3jeb.cloudfront.net/photos/pets/39842409/1/?bust=1509995708&width=600', u'medium': u'https://dl5zpyw5k3jeb.cloudfront.net/photos/pets/39842409/1/?bust=1509995708&width=300', u'full': u'https://dl5zpyw5k3jeb.cloudfront.net/photos/pets/39842409/1/?bust=1509995708'}]",2017-11-06T19:13:47+0000,Small,Dog,adopted,2017-11-19T02:37:26+0000,[],Dog,https://www.petfinder.com/dog/miller-39842409/ca/el-centro/dees-rescue-ca2545/?referrer_id=f39f8922-e11e-4604-a147-a96d4dfba982
ca2545,39842384,dog,Young,,True,True,True,False,True,Shepherd,Rottweiler,False,Short,,,,,,El Centro,US,92243,CA,,(760) 554-6305,Sam is a shepherd/Rottweiler mix. Super gentle.,2.7503,True,True,True,Male,39842384,Sam,CA2545,"[{u'small': u'https://dl5zpyw5k3jeb.cloudfront.net/photos/pets/39842384/1/?bust=1509995504&width=100', u'large': u'https://dl5zpyw5k3jeb.cloudfront.net/photos/pets/39842384/1/?bust=1509995504&width=600', u'medium': u'https://dl5zpyw5k3jeb.cloudfront.net/photos/pets/39842384/1/?bust=1509995504&width=300', u'full': u'https://dl5zpyw5k3jeb.cloudfront.net/photos/pets/39842384/1/?bust=1509995504'}]",2017-11-06T19:10:27+0000,Large,Dog,adopted,2017-12-19T00:15:27+0000,[],Dog,https://www.petfinder.com/dog/sam-39842384/ca/el-centro/dees-rescue-ca2545/?referrer_id=f39f8922-e11e-4604-a147-a96d4dfba982
ca2545,39842203,dog,Adult,,True,True,True,False,False,German Shepherd Dog,,False,Short,Golden,,,,,El Centro,US,92243,CA,,(760) 554-6305,Bubba is a giant of a dog but super sweet.,2.7503,,True,True,Male,39842203,Bubba,CA2545,"[{u'small': u'https://dl5zpyw5k3jeb.cloudfront.net/photos/pets/39842203/1/?bust=1509994345&width=100', u'large': u'https://dl5zpyw5k3jeb.cloudfront.net/photos/pets/39842203/1/?bust=1509994345&width=600', u'medium': u'https://dl5zpyw5k3jeb.cloudfront.net/photos/pets/39842203/1/?bust=1509994345&width=300', u'full': u'https://dl5zpyw5k3jeb.cloudfront.net/photos/pets/39842203/1/?bust=1509994345'}]",2017-11-06T18:50:33+0000,Large,Dog,adopted,2017-11-06T21:50:07+0000,[],Dog,https://www.petfinder.com/dog/bubba-39842203/ca/el-centro/dees-rescue-ca2545/?referrer_id=f39f8922-e11e-4604-a147-a96d4dfba982
ca2545,39841986,dog,Baby,,True,True,True,False,True,Pit Bull Terrier,,False,Short,Black,,,,,El Centro,US,92243,CA,,(760) 554-6305,Gomer is a pit bull  that loves to be around people and other dogs. He&#039;s young but with the proper...,2.7503,True,True,True,Male,39841986,Gomer,CA2545,"[{u'small': u'https://dl5zpyw5k3jeb.cloudfront.net/photos/pets/39841986/1/?bust=1509994041&width=100', u'large': u'https://dl5zpyw5k3jeb.cloudfront.net/photos/pets/39841986/1/?bust=1509994041&width=600', u'medium': u'https://dl5zpyw5k3jeb.cloudfront.net/photos/pets/39841986/1/?bust=1509994041&width=300', u'full': u'https://dl5zpyw5k3jeb.cloudfront.net/photos/pets/39841986/1/?bust=1509994041'}]",2017-11-06T18:41:01+0000,Large,Dog,adopted,2018-01-28T20:46:30+0000,[],Dog,https://www.petfinder.com/dog/gomer-39841986/ca/el-centro/dees-rescue-ca2545/?referrer_id=f39f8922-e11e-4604-a147-a96d4dfba982
ca2545,39841822,dog,Adult,,True,True,True,False,True,Terrier,,False,Short,,,,,,El Centro,US,92243,CA,,(760) 554-6305,Mocha is a terrier mix that loves to be around people and other dogs.,2.7503,,True,True,Female,39841822,Mocha,CA2545,"[{u'small': u'https://dl5zpyw5k3jeb.cloudfront.net/photos/pets/39841822/1/?bust=1509992751&width=100', u'large': u'https://dl5zpyw5k3jeb.cloudfront.net/photos/pets/39841822/1/?bust=1509992751&width=600', u'medium': u'https://dl5zpyw5k3jeb.cloudfront.net/photos/pets/39841822/1/?bust=1509992751&width=300', u'full': u'https://dl5zpyw5k3jeb.cloudfront.net/photos/pets/39841822/1/?bust=1509992751'}]",2017-11-06T18:25:22+0000,Small,Dog,adopted,2017-11-19T02:37:26+0000,[],Dog,https://www.petfinder.com/dog/mocha-39841822/ca/el-centro/dees-rescue-ca2545/?referrer_id=f39f8922-e11e-4604-a147-a96d4dfba982
ca2545,39841773,dog,Adult,,True,True,True,False,True,Chihuahua,,False,Short,Apricot / Beige,,,,,El Centro,US,92243,CA,,(760) 554-6305,Que is a 2 yr old chi mix that is great with other dogs. He&#039;s friendly and knows to go...,2.7503,,True,True,Male,39841773,Que,CA2545,"[{u'small': u'https://dl5zpyw5k3jeb.cloudfront.net/photos/pets/39841773/1/?bust=1509992473&width=100', u'large': u'https://dl5zpyw5k3jeb.cloudfront.net/photos/pets/39841773/1/?bust=1509992473&width=600', u'medium': u'https://dl5zpyw5k3jeb.cloudfront.net/photos/pets/39841773/1/?bust=1509992473&width=300', u'full': u'https://dl5zpyw5k3jeb.cloudfront.net/photos/pets/39841773/1/?bust=1509992473'}]",2017-11-06T18:19:09+0000,Small,Dog,adopted,2018-01-28T20:46:30+0000,[],Dog,https://www.petfinder.com/dog/que-39841773/ca/el-centro/dees-rescue-ca2545/?referrer_id=f39f8922-e11e-4604-a147-a96d4dfba982
ca2545,38932227,dog,Young,,True,True,True,False,True,Chihuahua,,False,Short,Golden,,,,,El Centro,US,92243,CA,,(760) 554-6305,Phoebe is a great dog that needs a family to love. She gets along with other dogs and loves children.,2.7503,,True,True,Female,38932227,Phoebe,CA2545,"[{u'small': u'https://dl5zpyw5k3jeb.cloudfront.net/photos/pets/38932227/1/?bust=1501447502&width=100', u'large': u'https://dl5zpyw5k3jeb.cloudfront.net/photos/pets/38932227/1/?bust=1501447502&width=600', u'medium': u'https://dl5zpyw5k3jeb.cloudfront.net/photos/pets/38932227/1/?bust=1501447502&width=300', u'full': u'https://dl5zpyw5k3jeb.cloudfront.net/photos/pets/38932227/1/?bust=1501447502'}]",2017-07-30T19:42:39+0000,Small,Dog,adopted,2017-10-02T15:08:06+0000,[],Dog,https://www.petfinder.com/dog/phoebe-38932227/ca/el-centro/dees-rescue-ca2545/?referrer_id=f39f8922-e11e-4604-a147-a96d4dfba982
ca2545,38928278,dog,Young,,True,True,True,False,True,Boxer,Labrador Retriever,False,Short,Golden,,,,,El Centro,US,92243,CA,,(760) 554-6305,Jenny was found in the middle of a field with no houses in site. She was starving and dehydrated from...,2.7503,,True,True,Female,38928278,Jenny,CA2545,"[{u'small': u'https://dl5zpyw5k3jeb.cloudfront.net/photos/pets/38928278/1/?bust=1501379480&width=100', u'large': u'https://dl5zpyw5k3jeb.cloudfront.net/photos/pets/38928278/1/?bust=1501379480&width=600', u'medium': u'https://dl5zpyw5k3jeb.cloudfront.net/photos/pets/38928278/1/?bust=1501379480&width=300', u'full': u'https://dl5zpyw5k3jeb.cloudfront.net/photos/pets/38928278/1/?bust=1501379480'}]",2017-07-30T01:49:33+0000,Medium,Dog,adopted,2017-08-31T14:10:18+0000,[],Dog,https://www.petfinder.com/dog/jenny-38928278/ca/el-centro/dees-rescue-ca2545/?referrer_id=f39f8922-e11e-4604-a147-a96d4dfba982
ca2545,38927804,dog,Young,,True,True,True,False,True,Dachshund,Labrador Retriever,False,Short,Golden,,,,,El Centro,US,92243,CA,,(760) 554-6305,Poor Judy was dumped at a laundrymat. She seems to like everyone and other animals. She just wants a family...,2.7503,True,True,True,Female,38927804,Judy,CA2545,"[{u'small': u'https://dl5zpyw5k3jeb.cloudfront.net/photos/pets/38927804/1/?bust=1501375191&width=100', u'large': u'https://dl5zpyw5k3jeb.cloudfront.net/photos/pets/38927804/1/?bust=1501375191&width=600', u'medium': u'https://dl5zpyw5k3jeb.cloudfront.net/photos/pets/38927804/1/?bust=1501375191&width=300', u'full': u'https://dl5zpyw5k3jeb.cloudfront.net/photos/pets/38927804/1/?bust=1501375191'}]",2017-07-30T00:38:19+0000,Medium,Dog,adopted,2017-08-31T18:01:37+0000,[],Dog,https://www.petfinder.com/dog/judy-38927804/ca/el-centro/dees-rescue-ca2545/?referrer_id=f39f8922-e11e-4604-a147-a96d4dfba982
ca2545,38927774,dog,Young,,True,True,True,False,True,Catahoula Leopard Dog,Pit Bull Terrier,False,Short,White / Cream,,,,,El Centro,US,92243,CA,,(760) 554-6305,Zeus was a homeless dog on the streets of Mexicali. He has been fully vetted and has no health issues....,2.7503,False,True,,Male,38927774,Zeus,CA2545,"[{u'small': u'https://dl5zpyw5k3jeb.cloudfront.net/photos/pets/38927774/1/?bust=1501374984&width=100', u'large': u'https://dl5zpyw5k3jeb.cloudfront.net/photos/pets/38927774/1/?bust=1501374984&width=600', u'medium': u'https://dl5zpyw5k3jeb.cloudfront.net/photos/pets/38927774/1/?bust=1501374984&width=300', u'full': u'https://dl5zpyw5k3jeb.cloudfront.net/photos/pets/38927774/1/?bust=1501374984'}]",2017-07-30T00:34:40+0000,Large,Dog,adopted,2017-08-31T14:10:18+0000,[],Dog,https://www.petfinder.com/dog/zeus-38927774/ca/el-centro/dees-rescue-ca2545/?referrer_id=f39f8922-e11e-4604-a147-a96d4dfba982
ca2545,38927751,dog,Adult,,True,True,True,False,True,Doberman Pinscher,,False,Short,Black,,,,,El Centro,US,92243,CA,,(760) 554-6305,Scarlett was found pregnant. She had 9 puppies which have all found homes. She was a single mother and now...,2.7503,,True,,Female,38927751,Scarlett,CA2545,"[{u'small': u'https://dl5zpyw5k3jeb.cloudfront.net/photos/pets/38927751/1/?bust=1501374754&width=100', u'large': u'https://dl5zpyw5k3jeb.cloudfront.net/photos/pets/38927751/1/?bust=1501374754&width=600', u'medium': u'https://dl5zpyw5k3jeb.cloudfront.net/photos/pets/38927751/1/?bust=1501374754&width=300', u'full': u'https://dl5zpyw5k3jeb.cloudfront.net/photos/pets/38927751/1/?bust=1501374754'}]",2017-07-30T00:30:55+0000,Medium,Dog,adopted,2017-08-31T18:01:38+0000,[],Dog,https://www.petfinder.com/dog/scarlett-38927751/ca/el-centro/dees-rescue-ca2545/?referrer_id=f39f8922-e11e-4604-a147-a96d4dfba982
ca2545,38927634,dog,Adult,,True,True,True,False,True,Boxer,Mastiff,False,Short,Golden,,,,,El Centro,US,92243,CA,,(760) 554-6305,Frankie is approx 2-3 years old. Very sweet guy who seems to get along with other dogs. He was found...,2.7503,,True,True,Male,38927634,Frankie,CA2545,"[{u'small': u'https://dl5zpyw5k3jeb.cloudfront.net/photos/pets/38927634/1/?bust=1501373798&width=100', u'large': u'https://dl5zpyw5k3jeb.cloudfront.net/photos/pets/38927634/1/?bust=1501373798&width=600', u'medium': u'https://dl5zpyw5k3jeb.cloudfront.net/photos/pets/38927634/1/?bust=1501373798&width=300', u'full': u'https://dl5zpyw5k3jeb.cloudfront.net/photos/pets/38927634/1/?bust=1501373798'}]",2017-07-30T00:14:30+0000,Large,Dog,adopted,2017-08-31T18:01:38+0000,[],Dog,https://www.petfinder.com/dog/frankie-38927634/ca/el-centro/dees-rescue-ca2545/?referrer_id=f39f8922-e11e-4604-a147-a96d4dfba982
